email,password
user1@test.com,user1111
user2@test.com,user1111
user3@test.com,user1111
user4@test.com,user1111
user5@test.com,user1111
user6@test.com,user1111
user7@test.com,user1111
user8@test.com,user1111
user9@test.com,user1111
user10@test.com,user1111
user11@test.com,user1111
user12@test.com,user1111
user13@test.com,user1111
user14@test.com,user1111
user15@test.com,user1111
user16@test.com,user1111
user17@test.com,user1111
user18@test.com,user1111
user19@test.com,user1111
user20@test.com,user1111
user21@test.com,user1111
user22@test.com,user1111
user23@test.com,user1111
user24@test.com,user1111
user25@test.com,user1111
user26@test.com,user1111
user27@test.com,user1111
user28@test.com,user1111
user29@test.com,user1111
user30@test.com,user1111
user31@test.com,user1111
user32@test.com,user1111
user33@test.com,user1111
user34@test.com,user1111
user35@test.com,user1111
user36@test.com,user1111
user37@test.com,user1111
user38@test.com,user1111
user39@test.com,user1111
user40@test.com,user1111
user41@test.com,user1111
user42@test.com,user1111
user43@test.com,user1111
user44@test.com,user1111
user45@test.com,user1111
user46@test.com,user1111
user47@test.com,user1111
user48@test.com,user1111
user49@test.com,user1111
user50@test.com,user1111
